{
  "parent": "minecraft:item/handheld",
  "textures": {
    "layer0": "minecraft:item/netherite_sword"
  },
  
  
  "overrides":
  [
        {
            "predicate":
            {
                "custom_model_data":10
			},
                "model":"katanas/netherite_katana"
        },
        {
            "predicate":
            {
                "custom_model_data":11
			},
                "model":"katanas/ancient_blade"
        },
        {
            "predicate":
            {
                "custom_model_data":12
			},
                "model":"katanas/diamond_blade"
        },
        {
            "predicate":
            {
                "custom_model_data":13
			},
                "model":"katanas/golden_blade"
        },
        {
            "predicate":
            {
                "custom_model_data":14
			},
                "model":"katanas/blood_blade"
        }
  ]
}