{
	"credit": "Made with Blockbench",
	"texture_size": [32, 32],
	"textures": {
		"2": "item/golden_blade"
	},
	"elements": [
		{
			"from": [5.9, 28.4, 6.9],
			"to": [8.1, 30.6, 9.1],
			"rotation": {"angle": 0, "axis": "y", "origin": [7, 30.5, 8]},
			"faces": {
				"north": {"uv": [6, 7, 7, 8], "texture": "#2"},
				"east": {"uv": [7, 7, 8, 8], "texture": "#2"},
				"south": {"uv": [8, 4, 9, 5], "texture": "#2"},
				"west": {"uv": [8, 5, 9, 6], "texture": "#2"},
				"up": {"uv": [7, 9, 6, 8], "texture": "#2"},
				"down": {"uv": [9, 6, 8, 7], "texture": "#2"}
			}
		},
		{
			"from": [6, 29, 7],
			"to": [8, 31.9, 9],
			"rotation": {"angle": 0, "axis": "y", "origin": [7, 30.5, 8]},
			"faces": {
				"north": {"uv": [6, 4, 7, 5.5], "texture": "#2"},
				"east": {"uv": [6, 5.5, 7, 7], "texture": "#2"},
				"south": {"uv": [7, 4, 8, 5.5], "texture": "#2"},
				"west": {"uv": [7, 5.5, 8, 7], "texture": "#2"},
				"up": {"uv": [8, 9, 7, 8], "texture": "#2"},
				"down": {"uv": [9, 7, 8, 8], "texture": "#2"}
			}
		},
		{
			"from": [6.01, 20.99, 7.01],
			"to": [7.99, 29.99, 8.99],
			"rotation": {"angle": 0, "axis": "y", "origin": [-1, 0, 0]},
			"faces": {
				"north": {"uv": [4, 0, 5, 4.5], "texture": "#2"},
				"east": {"uv": [4, 4.5, 5, 9], "texture": "#2"},
				"south": {"uv": [5, 0, 6, 4.5], "texture": "#2"},
				"west": {"uv": [5, 4.5, 6, 9], "texture": "#2"},
				"up": {"uv": [9, 9, 8, 8], "texture": "#2"},
				"down": {"uv": [9.5, 0, 8.5, 1], "texture": "#2"}
			}
		},
		{
			"from": [5.9, 19.4, 6.9],
			"to": [8.1, 21.6, 9.1],
			"rotation": {"angle": 0, "axis": "y", "origin": [7, 30.5, 8]},
			"faces": {
				"north": {"uv": [8.5, 1, 9.5, 2], "texture": "#2"},
				"east": {"uv": [8.5, 2, 9.5, 3], "texture": "#2"},
				"south": {"uv": [8.5, 3, 9.5, 4], "texture": "#2"},
				"west": {"uv": [4, 9, 5, 10], "texture": "#2"},
				"up": {"uv": [10, 5, 9, 4], "texture": "#2"},
				"down": {"uv": [6, 9, 5, 10], "texture": "#2"}
			}
		},
		{
			"from": [4.5, 19, 7],
			"to": [9.5, 21, 9],
			"rotation": {"angle": 0, "axis": "y", "origin": [-0.5, 0, 0]},
			"faces": {
				"north": {"uv": [6, 0, 8.5, 1], "texture": "#2"},
				"east": {"uv": [9, 5, 10, 6], "texture": "#2"},
				"south": {"uv": [6, 1, 8.5, 2], "texture": "#2"},
				"west": {"uv": [6, 9, 7, 10], "texture": "#2"},
				"up": {"uv": [8.5, 3, 6, 2], "texture": "#2"},
				"down": {"uv": [8.5, 3, 6, 4], "texture": "#2"}
			}
		},
		{
			"from": [5.5, -1, 7.5],
			"to": [8.5, 19, 8.5],
			"rotation": {"angle": 0, "axis": "y", "origin": [-1, 3, 0]},
			"faces": {
				"north": {"uv": [0, 0, 1.5, 10], "texture": "#2"},
				"east": {"uv": [3, 0, 3.5, 10], "texture": "#2"},
				"south": {"uv": [1.5, 0, 3, 10], "texture": "#2"},
				"west": {"uv": [3.5, 0, 4, 10], "texture": "#2"},
				"up": {"uv": [10.5, 6.5, 9, 6], "texture": "#2"},
				"down": {"uv": [10.5, 6.5, 9, 7], "texture": "#2"}
			}
		},
		{
			"from": [6.499, -1.981, 7.499],
			"to": [8.501, -0.979, 8.501],
			"rotation": {"angle": 0, "axis": "y", "origin": [7.00104, -1, 8]},
			"faces": {
				"north": {"uv": [8.5, 9, 9.5, 9.5], "texture": "#2"},
				"east": {"uv": [9.5, 1, 10, 1.5], "texture": "#2"},
				"south": {"uv": [9, 8.5, 10, 9], "texture": "#2"},
				"west": {"uv": [9.5, 1.5, 10, 2], "texture": "#2"},
				"up": {"uv": [10.5, 0.5, 9.5, 0], "texture": "#2"},
				"down": {"uv": [10.5, 0.5, 9.5, 1], "texture": "#2"}
			}
		},
		{
			"from": [7.498, -2.582, 7.498],
			"to": [8.502, -1.558, 8.502],
			"rotation": {"angle": 0, "axis": "y", "origin": [7.00104, -1, 8]},
			"faces": {
				"north": {"uv": [9.5, 2, 10, 2.5], "texture": "#2"},
				"east": {"uv": [9.5, 2.5, 10, 3], "texture": "#2"},
				"south": {"uv": [9.5, 3, 10, 3.5], "texture": "#2"},
				"west": {"uv": [9.5, 3.5, 10, 4], "texture": "#2"},
				"up": {"uv": [10, 7.5, 9.5, 7], "texture": "#2"},
				"down": {"uv": [10, 7.5, 9.5, 8], "texture": "#2"}
			}
		},
		{
			"from": [5.93958, -3.183, 7.497],
			"to": [6.94558, 0.071, 8.503],
			"rotation": {"angle": 45, "axis": "z", "origin": [7.00104, -1, 8]},
			"faces": {
				"north": {"uv": [7, 9, 7.5, 10.5], "texture": "#2"},
				"east": {"uv": [9, 7, 9.5, 8.5], "texture": "#2"},
				"south": {"uv": [7.5, 9, 8, 10.5], "texture": "#2"},
				"west": {"uv": [8, 9, 8.5, 10.5], "texture": "#2"},
				"up": {"uv": [10, 8.5, 9.5, 8], "texture": "#2"},
				"down": {"uv": [9, 9.5, 8.5, 10], "texture": "#2"}
			}
		}
	],
	"gui_light": "front",
	"display": {
		"thirdperson_righthand": {
			"rotation": [0, 90, 180],
			"translation": [0, 9.25, 2],
			"scale": [0.7, 0.7, 0.7]
		},
		"thirdperson_lefthand": {
			"rotation": [0, -90, 180],
			"translation": [0, 9.25, 2],
			"scale": [0.7, 0.7, 0.7]
		},
		"firstperson_righthand": {
			"rotation": [-160, 90, 0],
			"translation": [2, 4.75, -0.5],
			"scale": [0.6, 0.6, 0.6]
		},
		"firstperson_lefthand": {
			"rotation": [-160, -90, 0],
			"translation": [2, 4.75, -0.5],
			"scale": [0.6, 0.6, 0.6]
		},
		"ground": {
			"rotation": [0, 0, 135],
			"translation": [2.5, 7, 0],
			"scale": [0.5, 0.5, 0.5]
		},
		"gui": {
			"rotation": [-180, 0, 45],
			"translation": [2.5, 2.5, 0],
			"scale": [0.55, 0.55, 0.55]
		},
		"head": {
			"translation": [0.25, 8.5, 0.75],
			"scale": [0.6, 0.6, 0.6]
		},
		"fixed": {
			"rotation": [0, 0, -135],
			"translation": [-3, 3, -0.75],
			"scale": [0.65, 0.65, 0.65]
		}
	},
	"groups": [
		{
			"name": "sword",
			"origin": [8, 8, 8],
			"color": 0,
			"children": [
				{
					"name": "pommel",
					"origin": [8, 8, 8],
					"color": 0,
					"children": [0, 1]
				},
				{
					"name": "grip",
					"origin": [8, 8, 8],
					"color": 0,
					"children": [2]
				},
				{
					"name": "guard",
					"origin": [8, 8, 8],
					"color": 0,
					"children": [
						{
							"name": "cross-guard",
							"origin": [8, 8, 8],
							"color": 0,
							"children": [3, 4]
						}
					]
				},
				{
					"name": "blade",
					"origin": [8, 8, 8],
					"color": 0,
					"children": [5, 6, 7, 8]
				}
			]
		}
	]
}