{
	"credit": "Made with Blockbench",
	"texture_size": [32, 32],
	"textures": {
		"2": "item/diamond_greatsword"
	},
	"elements": [
		{
			"from": [4.4, 6.9, 7.4],
			"to": [11.6, 9.1, 8.6],
			"rotation": {"angle": 0, "axis": "y", "origin": [6.5, 0, 7.5]},
			"faces": {
				"north": {"uv": [6, 4, 9.5, 5], "texture": "#2"},
				"east": {"uv": [1.5, 9.5, 2, 10.5], "texture": "#2"},
				"south": {"uv": [6, 5, 9.5, 6], "texture": "#2"},
				"west": {"uv": [2, 9.5, 2.5, 10.5], "texture": "#2"},
				"up": {"uv": [9.5, 8.5, 6, 8], "texture": "#2"},
				"down": {"uv": [9.5, 8.5, 6, 9], "texture": "#2"}
			}
		},
		{
			"from": [3.35, 7.85, 7.35],
			"to": [12.65, 9.15, 8.65],
			"rotation": {"angle": 0, "axis": "y", "origin": [6.5, 0, 7.5]},
			"faces": {
				"north": {"uv": [6, 6, 10.5, 6.5], "texture": "#2"},
				"east": {"uv": [5, 9.5, 5.5, 10], "texture": "#2"},
				"south": {"uv": [6, 6.5, 10.5, 7], "texture": "#2"},
				"west": {"uv": [9.5, 5, 10, 5.5], "texture": "#2"},
				"up": {"uv": [10.5, 7.5, 6, 7], "texture": "#2"},
				"down": {"uv": [10.5, 7.5, 6, 8], "texture": "#2"}
			}
		},
		{
			"from": [7, 3, 7.5],
			"to": [9, 7, 8.5],
			"rotation": {"angle": 0, "axis": "y", "origin": [6.5, 0, 7]},
			"faces": {
				"north": {"uv": [8, 0, 9, 2], "texture": "#2"},
				"east": {"uv": [6, 9, 6.5, 11], "texture": "#2"},
				"south": {"uv": [8, 2, 9, 4], "texture": "#2"},
				"west": {"uv": [6.5, 9, 7, 11], "texture": "#2"},
				"up": {"uv": [3.5, 10, 2.5, 9.5], "texture": "#2"},
				"down": {"uv": [4.5, 9.5, 3.5, 10], "texture": "#2"}
			}
		},
		{
			"from": [6.4, 0.9, 7.4],
			"to": [9.6, 3.1, 8.6],
			"rotation": {"angle": 0, "axis": "y", "origin": [6.5, 0, 7.5]},
			"faces": {
				"north": {"uv": [9, 0, 10.5, 1], "texture": "#2"},
				"east": {"uv": [9.5, 4, 10, 5], "texture": "#2"},
				"south": {"uv": [9, 1, 10.5, 2], "texture": "#2"},
				"west": {"uv": [4.5, 9.5, 5, 10.5], "texture": "#2"},
				"up": {"uv": [9.5, 9.5, 8, 9], "texture": "#2"},
				"down": {"uv": [1.5, 9.5, 0, 10], "texture": "#2"}
			}
		},
		{
			"from": [5.49587, 8.1, 7.625],
			"to": [10.49587, 26.7, 8.375],
			"rotation": {"angle": 0, "axis": "y", "origin": [8.09587, -0.3, 7.125]},
			"faces": {
				"north": {"uv": [0, 0, 2.5, 9.5], "texture": "#2"},
				"east": {"uv": [5, 0, 5.5, 9.5], "texture": "#2"},
				"south": {"uv": [2.5, 0, 5, 9.5], "texture": "#2"},
				"west": {"uv": [5.5, 0, 6, 9.5], "texture": "#2"},
				"up": {"uv": [11.5, 2.5, 9, 2], "texture": "#2"},
				"down": {"uv": [11.5, 2.5, 9, 3], "texture": "#2"}
			}
		},
		{
			"from": [4.95334, 26.80853, 7.6155],
			"to": [8.47234, 30.32753, 8.3845],
			"rotation": {"angle": 45, "axis": "z", "origin": [9.59587, 29.2, 8.125]},
			"faces": {
				"north": {"uv": [6, 0, 8, 2], "texture": "#2"},
				"east": {"uv": [7, 9, 7.5, 11], "texture": "#2"},
				"south": {"uv": [6, 2, 8, 4], "texture": "#2"},
				"west": {"uv": [7.5, 9, 8, 11], "texture": "#2"},
				"up": {"uv": [11, 3.5, 9, 3], "texture": "#2"},
				"down": {"uv": [11, 3.5, 9, 4], "texture": "#2"}
			}
		}
	],
	"display": {
		"thirdperson_righthand": {
			"rotation": [1, -90, 0],
			"translation": [0, 1.25, 2]
		},
		"thirdperson_lefthand": {
			"rotation": [1, -90, 0],
			"translation": [0, 1.25, 2]
		},
		"firstperson_righthand": {
			"rotation": [0, -77.25, -1],
			"translation": [2.25, 1.25, 0.25],
			"scale": [0.65, 0.65, 0.65]
		},
		"firstperson_lefthand": {
			"rotation": [0, -77.25, -1],
			"translation": [2.25, 1.25, 0.25],
			"scale": [0.65, 0.65, 0.65]
		},
		"ground": {
			"rotation": [45, 0, 0],
			"translation": [0, 2.25, 0]
		},
		"gui": {
			"rotation": [-12.5, 0, -45],
			"translation": [-3.5, -3.5, 0],
			"scale": [0.75, 0.75, 0.75]
		},
		"head": {
			"rotation": [0, 0, 180],
			"translation": [0, 10.75, 0]
		},
		"fixed": {
			"rotation": [0, 0, 45],
			"translation": [4.75, -4.75, 0]
		}
	},
	"groups": [
		{
			"name": "diamond_greatsword",
			"origin": [7, 0, 7],
			"color": 0,
			"children": [
				{
					"name": "guard",
					"origin": [6.5, 0, 7],
					"color": 0,
					"children": [0, 1, 2, 3]
				},
				{
					"name": "blade",
					"origin": [7, 0, 7.125],
					"color": 0,
					"children": [4, 5]
				}
			]
		}
	]
}