{
	"credit": "Made with Blockbench",
	"texture_size": [32, 32],
	"textures": {
		"1": "item/longsword",
		"particle": "item/longsword"
	},
	"elements": [
		{
			"from": [7.5, 10.45, 6.5],
			"to": [8.5, 30.45, 9.5],
			"rotation": {"angle": 0, "axis": "y", "origin": [6, 0, 7]},
			"faces": {
				"north": {"uv": [3, 0, 3.5, 10], "texture": "#1"},
				"east": {"uv": [0, 0, 1.5, 10], "texture": "#1"},
				"south": {"uv": [3.5, 0, 4, 10], "texture": "#1"},
				"west": {"uv": [1.5, 0, 3, 10], "texture": "#1"},
				"up": {"uv": [10.5, 6, 10, 4.5], "texture": "#1"},
				"down": {"uv": [5.5, 10, 5, 11.5], "texture": "#1"}
			}
		},
		{
			"from": [7.49, 29.24, 6.59],
			"to": [8.51, 31.36, 8.71],
			"rotation": {"angle": 45, "axis": "x", "origin": [8, 29.95, 8]},
			"faces": {
				"north": {"uv": [5.5, 10, 6, 11], "texture": "#1"},
				"east": {"uv": [6, 7.5, 7, 8.5], "texture": "#1"},
				"south": {"uv": [6, 10, 6.5, 11], "texture": "#1"},
				"west": {"uv": [8, 2, 9, 3], "texture": "#1"},
				"up": {"uv": [10.5, 7, 10, 6], "texture": "#1"},
				"down": {"uv": [7, 10, 6.5, 11], "texture": "#1"}
			}
		},
		{
			"from": [6.9, 9.35, 6.9],
			"to": [9.1, 11.55, 9.1],
			"rotation": {"angle": 0, "axis": "y", "origin": [6, 0, 7]},
			"faces": {
				"north": {"uv": [8, 3, 9, 4], "texture": "#1"},
				"east": {"uv": [4, 8, 5, 9], "texture": "#1"},
				"south": {"uv": [8, 4, 9, 5], "texture": "#1"},
				"west": {"uv": [8, 5, 9, 6], "texture": "#1"},
				"up": {"uv": [9, 7, 8, 6], "texture": "#1"},
				"down": {"uv": [9, 7, 8, 8], "texture": "#1"}
			}
		},
		{
			"from": [7, 9.45, 5],
			"to": [9, 10.45, 11],
			"rotation": {"angle": 0, "axis": "y", "origin": [6, 0, 7]},
			"faces": {
				"north": {"uv": [9, 7.5, 10, 8], "texture": "#1"},
				"east": {"uv": [8, 1, 11, 1.5], "texture": "#1"},
				"south": {"uv": [7, 10, 8, 10.5], "texture": "#1"},
				"west": {"uv": [8, 1.5, 11, 2], "texture": "#1"},
				"up": {"uv": [6, 3, 5, 0], "texture": "#1"},
				"down": {"uv": [6, 3, 5, 6], "texture": "#1"}
			}
		},
		{
			"from": [7.2, 9.65, 4.2],
			"to": [8.8, 10.25, 11.8],
			"rotation": {"angle": 0, "axis": "y", "origin": [6, 0, 7]},
			"faces": {
				"north": {"uv": [10, 7, 11, 7.5], "texture": "#1"},
				"east": {"uv": [7, 0, 11, 0.5], "texture": "#1"},
				"south": {"uv": [10, 7.5, 11, 8], "texture": "#1"},
				"west": {"uv": [7, 0.5, 11, 1], "texture": "#1"},
				"up": {"uv": [5, 4, 4, 0], "texture": "#1"},
				"down": {"uv": [5, 4, 4, 8], "texture": "#1"}
			}
		},
		{
			"from": [7.2, 10.65, 4.45],
			"to": [8.8, 11.25, 8.05],
			"rotation": {"angle": 22.5, "axis": "x", "origin": [8, 10.95, 6]},
			"faces": {
				"north": {"uv": [8, 10, 9, 10.5], "texture": "#1"},
				"east": {"uv": [8, 8, 10, 8.5], "texture": "#1"},
				"south": {"uv": [10, 8, 11, 8.5], "texture": "#1"},
				"west": {"uv": [5, 8.5, 7, 9], "texture": "#1"},
				"up": {"uv": [8, 3, 7, 1], "texture": "#1"},
				"down": {"uv": [8, 3, 7, 5], "texture": "#1"}
			}
		},
		{
			"from": [7.2, 10.65, 7.95],
			"to": [8.8, 11.25, 11.55],
			"rotation": {"angle": -22.5, "axis": "x", "origin": [8, 10.95, 10]},
			"faces": {
				"north": {"uv": [10, 8.5, 11, 9], "texture": "#1"},
				"east": {"uv": [8, 8.5, 10, 9], "texture": "#1"},
				"south": {"uv": [9, 10, 10, 10.5], "texture": "#1"},
				"west": {"uv": [9, 2, 11, 2.5], "texture": "#1"},
				"up": {"uv": [8, 7, 7, 5], "texture": "#1"},
				"down": {"uv": [8, 7, 7, 9], "texture": "#1"}
			}
		},
		{
			"from": [7.06, 8.76, 7.06],
			"to": [8.94, 9.64, 8.94],
			"rotation": {"angle": 0, "axis": "y", "origin": [6, 0, 7]},
			"faces": {
				"north": {"uv": [10, 9, 11, 9.5], "texture": "#1"},
				"east": {"uv": [10, 9.5, 11, 10], "texture": "#1"},
				"south": {"uv": [10, 10, 11, 10.5], "texture": "#1"},
				"west": {"uv": [10.5, 4.5, 11.5, 5], "texture": "#1"},
				"up": {"uv": [10, 3.5, 9, 2.5], "texture": "#1"},
				"down": {"uv": [10, 3.5, 9, 4.5], "texture": "#1"}
			}
		},
		{
			"from": [7.06, 5.01, 7.06],
			"to": [8.94, 5.89, 8.94],
			"rotation": {"angle": 0, "axis": "y", "origin": [6, 0, 7]},
			"faces": {
				"north": {"uv": [10.5, 5, 11.5, 5.5], "texture": "#1"},
				"east": {"uv": [10.5, 5.5, 11.5, 6], "texture": "#1"},
				"south": {"uv": [10.5, 6, 11.5, 6.5], "texture": "#1"},
				"west": {"uv": [10.5, 6.5, 11.5, 7], "texture": "#1"},
				"up": {"uv": [5, 10, 4, 9], "texture": "#1"},
				"down": {"uv": [10, 4.5, 9, 5.5], "texture": "#1"}
			}
		},
		{
			"from": [7.06, 5.01, 7.06],
			"to": [8.94, 5.89, 8.94],
			"rotation": {"angle": 0, "axis": "y", "origin": [6, 0, 7]},
			"faces": {
				"north": {"uv": [7, 10.5, 8, 11], "texture": "#1"},
				"east": {"uv": [8, 10.5, 9, 11], "texture": "#1"},
				"south": {"uv": [9, 10.5, 10, 11], "texture": "#1"},
				"west": {"uv": [10, 10.5, 11, 11], "texture": "#1"},
				"up": {"uv": [6, 10, 5, 9], "texture": "#1"},
				"down": {"uv": [10, 5.5, 9, 6.5], "texture": "#1"}
			}
		},
		{
			"from": [7.06, 6.26, 7.06],
			"to": [8.94, 7.14, 8.94],
			"rotation": {"angle": 0, "axis": "y", "origin": [6, 0, 7]},
			"faces": {
				"north": {"uv": [0, 11, 1, 11.5], "texture": "#1"},
				"east": {"uv": [11, 0, 12, 0.5], "texture": "#1"},
				"south": {"uv": [11, 0.5, 12, 1], "texture": "#1"},
				"west": {"uv": [1, 11, 2, 11.5], "texture": "#1"},
				"up": {"uv": [7, 10, 6, 9], "texture": "#1"},
				"down": {"uv": [10, 6.5, 9, 7.5], "texture": "#1"}
			}
		},
		{
			"from": [7.06, 7.51, 7.06],
			"to": [8.94, 8.39, 8.94],
			"rotation": {"angle": 0, "axis": "y", "origin": [6, 0, 7]},
			"faces": {
				"north": {"uv": [11, 1, 12, 1.5], "texture": "#1"},
				"east": {"uv": [11, 1.5, 12, 2], "texture": "#1"},
				"south": {"uv": [2, 11, 3, 11.5], "texture": "#1"},
				"west": {"uv": [11, 2, 12, 2.5], "texture": "#1"},
				"up": {"uv": [8, 10, 7, 9], "texture": "#1"},
				"down": {"uv": [9, 9, 8, 10], "texture": "#1"}
			}
		},
		{
			"from": [6.9, 2.6, 6.9],
			"to": [9.1, 4.8, 9.1],
			"rotation": {"angle": 0, "axis": "y", "origin": [6, 0, 7]},
			"faces": {
				"north": {"uv": [9, 9, 10, 10], "texture": "#1"},
				"east": {"uv": [0, 10, 1, 11], "texture": "#1"},
				"south": {"uv": [1, 10, 2, 11], "texture": "#1"},
				"west": {"uv": [2, 10, 3, 11], "texture": "#1"},
				"up": {"uv": [11, 3.5, 10, 2.5], "texture": "#1"},
				"down": {"uv": [4, 10, 3, 11], "texture": "#1"}
			}
		},
		{
			"from": [7.08, 4.53, 7.08],
			"to": [8.92, 9.37, 8.92],
			"rotation": {"angle": 0, "axis": "y", "origin": [6, 0, 7]},
			"faces": {
				"north": {"uv": [6, 0, 7, 2.5], "texture": "#1"},
				"east": {"uv": [6, 2.5, 7, 5], "texture": "#1"},
				"south": {"uv": [5, 6, 6, 8.5], "texture": "#1"},
				"west": {"uv": [6, 5, 7, 7.5], "texture": "#1"},
				"up": {"uv": [11, 4.5, 10, 3.5], "texture": "#1"},
				"down": {"uv": [5, 10, 4, 11], "texture": "#1"}
			}
		}
	],
	"display": {
		"thirdperson_righthand": {
			"translation": [0, -1.5, 1.5],
			"scale": [1.1, 1.1, 1.1]
		},
		"thirdperson_lefthand": {
			"translation": [0, -1.5, 1.5],
			"scale": [1.1, 1.1, 1.1]
		},
		"firstperson_righthand": {
			"rotation": [3.38, 18.73, -10.25],
			"translation": [4, -2.25, -2.75],
			"scale": [0.8, 0.8, 0.8]
		},
		"firstperson_lefthand": {
			"rotation": [3.38, 18.73, -10.25],
			"translation": [4, -2.25, -2.75],
			"scale": [0.8, 0.8, 0.8]
		},
		"ground": {
			"rotation": [45, 0, 45]
		},
		"gui": {
			"rotation": [-113.11, -46.38, -90.84],
			"translation": [-4.5, -4.5, -2],
			"scale": [0.75, 0.75, 0.75]
		},
		"head": {
			"rotation": [180, 0, 0],
			"translation": [0, 10.5, 0]
		},
		"fixed": {
			"rotation": [-90, 45, 90],
			"translation": [5.75, -5.75, -0.5],
			"scale": [0.9, 0.9, 0.9]
		}
	},
	"groups": [
		{
			"name": "long_sword",
			"origin": [6, 0, 7],
			"color": 0,
			"children": [
				{
					"name": "blade",
					"origin": [6, 0, 7],
					"color": 0,
					"children": [0, 1]
				},
				{
					"name": "guard",
					"origin": [7, 0, 7],
					"color": 0,
					"children": [2, 3, 4, 5, 6]
				},
				{
					"name": "handle",
					"origin": [7, 0, 7],
					"color": 0,
					"children": [
						{
							"name": "group",
							"origin": [6, 0, 7],
							"color": 0,
							"children": [7, 8, 9]
						},
						10,
						11,
						12,
						13
					]
				}
			]
		}
	]
}