{
	"credit": "Made with Blockbench",
	"texture_size": [32, 32],
	"textures": {
		"2": "item/permafrost_sword"
	},
	"elements": [
		{
			"from": [5.93, -4.04, 7.43],
			"to": [10.07, 18.12, 8.57],
			"rotation": {"angle": 0, "axis": "y", "origin": [8, 10.66331, 7.975]},
			"faces": {
				"north": {"uv": [0, 0, 2, 11], "texture": "#2"},
				"east": {"uv": [4, 0, 4.5, 11], "texture": "#2"},
				"south": {"uv": [2, 0, 4, 11], "texture": "#2"},
				"west": {"uv": [4.5, 0, 5, 11], "texture": "#2"},
				"up": {"uv": [11, 0.5, 9, 0], "texture": "#2"},
				"down": {"uv": [11, 0.5, 9, 1], "texture": "#2"}
			}
		},
		{
			"from": [-3.85901, -1.18148, 7.409],
			"to": [-1.87701, 1.72052, 8.591],
			"rotation": {"angle": 45, "axis": "z", "origin": [8, 10.66331, 7.975]},
			"faces": {
				"north": {"uv": [7, 4, 8, 5.5], "texture": "#2"},
				"east": {"uv": [9, 11, 9.5, 12.5], "texture": "#2"},
				"south": {"uv": [5, 7, 6, 8.5], "texture": "#2"},
				"west": {"uv": [11, 9, 11.5, 10.5], "texture": "#2"},
				"up": {"uv": [5.5, 12.5, 4.5, 12], "texture": "#2"},
				"down": {"uv": [13, 4.5, 12, 5], "texture": "#2"}
			}
		},
		{
			"from": [17.85801, -1.19048, 7.4],
			"to": [19.85801, 1.72952, 8.6],
			"rotation": {"angle": -45, "axis": "z", "origin": [8, 10.66331, 7.975]},
			"faces": {
				"north": {"uv": [7, 5.5, 8, 7], "texture": "#2"},
				"east": {"uv": [9.5, 11, 10, 12.5], "texture": "#2"},
				"south": {"uv": [6, 7, 7, 8.5], "texture": "#2"},
				"west": {"uv": [10, 11, 10.5, 12.5], "texture": "#2"},
				"up": {"uv": [13, 5.5, 12, 5], "texture": "#2"},
				"down": {"uv": [6.5, 12, 5.5, 12.5], "texture": "#2"}
			}
		},
		{
			"from": [7.77887, 20.99695, 7.5],
			"to": [8.77887, 22.99695, 8.5],
			"rotation": {"angle": 22.5, "axis": "z", "origin": [8, 10.66331, 7.975]},
			"faces": {
				"north": {"uv": [12, 5.5, 12.5, 6.5], "texture": "#2"},
				"east": {"uv": [6.5, 12, 7, 13], "texture": "#2"},
				"south": {"uv": [12, 6.5, 12.5, 7.5], "texture": "#2"},
				"west": {"uv": [7, 12, 7.5, 13], "texture": "#2"},
				"up": {"uv": [6.5, 14, 6, 13.5], "texture": "#2"},
				"down": {"uv": [8, 13.5, 7.5, 14], "texture": "#2"}
			}
		},
		{
			"from": [-0.38727, 15.42389, 7.4],
			"to": [1.61273, 16.42389, 8.6],
			"rotation": {"angle": -22.5, "axis": "z", "origin": [8, 10.66331, 7.975]},
			"faces": {
				"north": {"uv": [7.5, 12, 8.5, 12.5], "texture": "#2"},
				"east": {"uv": [13.5, 7.5, 14, 8], "texture": "#2"},
				"south": {"uv": [12, 7.5, 13, 8], "texture": "#2"},
				"west": {"uv": [8, 13.5, 8.5, 14], "texture": "#2"},
				"up": {"uv": [13, 8.5, 12, 8], "texture": "#2"},
				"down": {"uv": [13, 8.5, 12, 9], "texture": "#2"}
			}
		},
		{
			"from": [3.51661, 15.93622, 7.5],
			"to": [4.51661, 17.93622, 8.5],
			"rotation": {"angle": 0, "axis": "y", "origin": [8, 10.66331, 7.975]},
			"faces": {
				"north": {"uv": [8.5, 12, 9, 13], "texture": "#2"},
				"east": {"uv": [12, 9, 12.5, 10], "texture": "#2"},
				"south": {"uv": [12, 10, 12.5, 11], "texture": "#2"},
				"west": {"uv": [11, 12, 11.5, 13], "texture": "#2"},
				"up": {"uv": [14, 8.5, 13.5, 8], "texture": "#2"},
				"down": {"uv": [9, 13.5, 8.5, 14], "texture": "#2"}
			}
		},
		{
			"from": [6.77887, 17.99695, 7.3],
			"to": [8.77887, 20.99695, 8.7],
			"rotation": {"angle": 22.5, "axis": "z", "origin": [8, 10.66331, 7.975]},
			"faces": {
				"north": {"uv": [7, 7, 8, 8.5], "texture": "#2"},
				"east": {"uv": [10.5, 11, 11, 12.5], "texture": "#2"},
				"south": {"uv": [8, 4, 9, 5.5], "texture": "#2"},
				"west": {"uv": [11, 10.5, 11.5, 12], "texture": "#2"},
				"up": {"uv": [13, 11.5, 12, 11], "texture": "#2"},
				"down": {"uv": [12.5, 12, 11.5, 12.5], "texture": "#2"}
			}
		},
		{
			"from": [7.77887, 14.99695, 7.3],
			"to": [9.77887, 17.99695, 8.7],
			"rotation": {"angle": 22.5, "axis": "z", "origin": [8, 10.66331, 7.975]},
			"faces": {
				"north": {"uv": [8, 5.5, 9, 7], "texture": "#2"},
				"east": {"uv": [11.5, 9, 12, 10.5], "texture": "#2"},
				"south": {"uv": [8, 7, 9, 8.5], "texture": "#2"},
				"west": {"uv": [11.5, 10.5, 12, 12], "texture": "#2"},
				"up": {"uv": [13, 12, 12, 11.5], "texture": "#2"},
				"down": {"uv": [13.5, 0, 12.5, 0.5], "texture": "#2"}
			}
		},
		{
			"from": [6.67887, 15.19695, 7.4],
			"to": [7.77887, 18.19695, 8.6],
			"rotation": {"angle": 22.5, "axis": "z", "origin": [8, 10.66331, 7.975]},
			"faces": {
				"north": {"uv": [0, 12, 0.5, 13.5], "texture": "#2"},
				"east": {"uv": [12, 0, 12.5, 1.5], "texture": "#2"},
				"south": {"uv": [0.5, 12, 1, 13.5], "texture": "#2"},
				"west": {"uv": [1, 12, 1.5, 13.5], "texture": "#2"},
				"up": {"uv": [9.5, 14, 9, 13.5], "texture": "#2"},
				"down": {"uv": [14, 9, 13.5, 9.5], "texture": "#2"}
			}
		},
		{
			"from": [4.38914, 12.37871, 7.5],
			"to": [5.38914, 14.37871, 8.4],
			"rotation": {"angle": -22.5, "axis": "z", "origin": [8, 10.66331, 7.975]},
			"faces": {
				"north": {"uv": [12.5, 0.5, 13, 1.5], "texture": "#2"},
				"east": {"uv": [12.5, 1.5, 13, 2.5], "texture": "#2"},
				"south": {"uv": [12.5, 2.5, 13, 3.5], "texture": "#2"},
				"west": {"uv": [12.5, 3.5, 13, 4.5], "texture": "#2"},
				"up": {"uv": [10, 14, 9.5, 13.5], "texture": "#2"},
				"down": {"uv": [14, 9.5, 13.5, 10], "texture": "#2"}
			}
		},
		{
			"from": [7.77887, 12.99695, 7.4],
			"to": [8.77887, 14.99695, 8.6],
			"rotation": {"angle": 22.5, "axis": "z", "origin": [8, 10.66331, 7.975]},
			"faces": {
				"north": {"uv": [4.5, 12.5, 5, 13.5], "texture": "#2"},
				"east": {"uv": [5, 12.5, 5.5, 13.5], "texture": "#2"},
				"south": {"uv": [5.5, 12.5, 6, 13.5], "texture": "#2"},
				"west": {"uv": [12.5, 5.5, 13, 6.5], "texture": "#2"},
				"up": {"uv": [10.5, 14, 10, 13.5], "texture": "#2"},
				"down": {"uv": [11, 13.5, 10.5, 14], "texture": "#2"}
			}
		},
		{
			"from": [7.22113, 20.99695, 7.5],
			"to": [8.22113, 22.99695, 8.5],
			"rotation": {"angle": -22.5, "axis": "z", "origin": [8, 10.66331, 7.975]},
			"faces": {
				"north": {"uv": [6, 12.5, 6.5, 13.5], "texture": "#2"},
				"east": {"uv": [12.5, 6.5, 13, 7.5], "texture": "#2"},
				"south": {"uv": [7.5, 12.5, 8, 13.5], "texture": "#2"},
				"west": {"uv": [8, 12.5, 8.5, 13.5], "texture": "#2"},
				"up": {"uv": [11.5, 14, 11, 13.5], "texture": "#2"},
				"down": {"uv": [12, 13.5, 11.5, 14], "texture": "#2"}
			}
		},
		{
			"from": [14.38727, 15.42389, 7.4],
			"to": [16.38727, 16.42389, 8.6],
			"rotation": {"angle": 22.5, "axis": "z", "origin": [8, 10.66331, 7.975]},
			"faces": {
				"north": {"uv": [9, 12.5, 10, 13], "texture": "#2"},
				"east": {"uv": [12, 13.5, 12.5, 14], "texture": "#2"},
				"south": {"uv": [12.5, 9, 13.5, 9.5], "texture": "#2"},
				"west": {"uv": [12.5, 13.5, 13, 14], "texture": "#2"},
				"up": {"uv": [13.5, 10, 12.5, 9.5], "texture": "#2"},
				"down": {"uv": [11, 12.5, 10, 13], "texture": "#2"}
			}
		},
		{
			"from": [11.48339, 15.93622, 7.5],
			"to": [12.48339, 17.93622, 8.5],
			"rotation": {"angle": 0, "axis": "y", "origin": [8, 10.66331, 7.975]},
			"faces": {
				"north": {"uv": [12.5, 10, 13, 11], "texture": "#2"},
				"east": {"uv": [11.5, 12.5, 12, 13.5], "texture": "#2"},
				"south": {"uv": [12, 12.5, 12.5, 13.5], "texture": "#2"},
				"west": {"uv": [12.5, 12, 13, 13], "texture": "#2"},
				"up": {"uv": [13.5, 14, 13, 13.5], "texture": "#2"},
				"down": {"uv": [14, 13, 13.5, 13.5], "texture": "#2"}
			}
		},
		{
			"from": [7.22113, 17.99695, 7.3],
			"to": [9.22113, 20.99695, 8.7],
			"rotation": {"angle": -22.5, "axis": "z", "origin": [8, 10.66331, 7.975]},
			"faces": {
				"north": {"uv": [5, 8.5, 6, 10], "texture": "#2"},
				"east": {"uv": [1.5, 12, 2, 13.5], "texture": "#2"},
				"south": {"uv": [6, 8.5, 7, 10], "texture": "#2"},
				"west": {"uv": [12, 1.5, 12.5, 3], "texture": "#2"},
				"up": {"uv": [14, 1, 13, 0.5], "texture": "#2"},
				"down": {"uv": [14, 1, 13, 1.5], "texture": "#2"}
			}
		},
		{
			"from": [6.22113, 14.99695, 7.3],
			"to": [8.22113, 17.99695, 8.7],
			"rotation": {"angle": -22.5, "axis": "z", "origin": [8, 10.66331, 7.975]},
			"faces": {
				"north": {"uv": [7, 8.5, 8, 10], "texture": "#2"},
				"east": {"uv": [2, 12, 2.5, 13.5], "texture": "#2"},
				"south": {"uv": [8, 8.5, 9, 10], "texture": "#2"},
				"west": {"uv": [2.5, 12, 3, 13.5], "texture": "#2"},
				"up": {"uv": [14, 2, 13, 1.5], "texture": "#2"},
				"down": {"uv": [14, 2, 13, 2.5], "texture": "#2"}
			}
		},
		{
			"from": [8.22113, 15.19695, 7.4],
			"to": [9.32113, 18.19695, 8.6],
			"rotation": {"angle": -22.5, "axis": "z", "origin": [8, 10.66331, 7.975]},
			"faces": {
				"north": {"uv": [3, 12, 3.5, 13.5], "texture": "#2"},
				"east": {"uv": [12, 3, 12.5, 4.5], "texture": "#2"},
				"south": {"uv": [3.5, 12, 4, 13.5], "texture": "#2"},
				"west": {"uv": [4, 12, 4.5, 13.5], "texture": "#2"},
				"up": {"uv": [14, 14, 13.5, 13.5], "texture": "#2"},
				"down": {"uv": [0.5, 14, 0, 14.5], "texture": "#2"}
			}
		},
		{
			"from": [10.61086, 12.37871, 7.5],
			"to": [11.61086, 14.37871, 8.4],
			"rotation": {"angle": 22.5, "axis": "z", "origin": [8, 10.66331, 7.975]},
			"faces": {
				"north": {"uv": [13, 2.5, 13.5, 3.5], "texture": "#2"},
				"east": {"uv": [13, 3.5, 13.5, 4.5], "texture": "#2"},
				"south": {"uv": [13, 4.5, 13.5, 5.5], "texture": "#2"},
				"west": {"uv": [13, 5.5, 13.5, 6.5], "texture": "#2"},
				"up": {"uv": [1, 14.5, 0.5, 14], "texture": "#2"},
				"down": {"uv": [14.5, 0.5, 14, 1], "texture": "#2"}
			}
		},
		{
			"from": [7.22113, 12.99695, 7.4],
			"to": [8.22113, 14.99695, 8.6],
			"rotation": {"angle": -22.5, "axis": "z", "origin": [8, 10.66331, 7.975]},
			"faces": {
				"north": {"uv": [6.5, 13, 7, 14], "texture": "#2"},
				"east": {"uv": [13, 6.5, 13.5, 7.5], "texture": "#2"},
				"south": {"uv": [7, 13, 7.5, 14], "texture": "#2"},
				"west": {"uv": [13, 7.5, 13.5, 8.5], "texture": "#2"},
				"up": {"uv": [1.5, 14.5, 1, 14], "texture": "#2"},
				"down": {"uv": [14.5, 1, 14, 1.5], "texture": "#2"}
			}
		},
		{
			"from": [9, 17, 7.25],
			"to": [11, 19, 8.75],
			"rotation": {"angle": 0, "axis": "y", "origin": [8, 10.66331, 7.975]},
			"faces": {
				"north": {"uv": [9, 1, 10, 2], "texture": "#2"},
				"east": {"uv": [9, 2, 10, 3], "texture": "#2"},
				"south": {"uv": [9, 3, 10, 4], "texture": "#2"},
				"west": {"uv": [9, 4, 10, 5], "texture": "#2"},
				"up": {"uv": [10, 6, 9, 5], "texture": "#2"},
				"down": {"uv": [10, 6, 9, 7], "texture": "#2"}
			}
		},
		{
			"from": [7, 18, 7],
			"to": [9, 19, 9],
			"rotation": {"angle": 0, "axis": "y", "origin": [8, 10.66331, 7.975]},
			"faces": {
				"north": {"uv": [8.5, 13, 9.5, 13.5], "texture": "#2"},
				"east": {"uv": [13, 8.5, 14, 9], "texture": "#2"},
				"south": {"uv": [9.5, 13, 10.5, 13.5], "texture": "#2"},
				"west": {"uv": [13, 10, 14, 10.5], "texture": "#2"},
				"up": {"uv": [10, 8, 9, 7], "texture": "#2"},
				"down": {"uv": [10, 8, 9, 9], "texture": "#2"}
			}
		},
		{
			"from": [5, 17, 7.25],
			"to": [7, 19, 8.75],
			"rotation": {"angle": 0, "axis": "y", "origin": [8, 10.66331, 7.975]},
			"faces": {
				"north": {"uv": [9, 9, 10, 10], "texture": "#2"},
				"east": {"uv": [10, 1, 11, 2], "texture": "#2"},
				"south": {"uv": [10, 2, 11, 3], "texture": "#2"},
				"west": {"uv": [10, 3, 11, 4], "texture": "#2"},
				"up": {"uv": [11, 5, 10, 4], "texture": "#2"},
				"down": {"uv": [6, 10, 5, 11], "texture": "#2"}
			}
		},
		{
			"from": [6, 19, 7],
			"to": [10, 21, 9],
			"rotation": {"angle": 0, "axis": "y", "origin": [8, 10.66331, 7.975]},
			"faces": {
				"north": {"uv": [7, 0, 9, 1], "texture": "#2"},
				"east": {"uv": [10, 5, 11, 6], "texture": "#2"},
				"south": {"uv": [7, 1, 9, 2], "texture": "#2"},
				"west": {"uv": [6, 10, 7, 11], "texture": "#2"},
				"up": {"uv": [9, 3, 7, 2], "texture": "#2"},
				"down": {"uv": [9, 3, 7, 4], "texture": "#2"}
			}
		},
		{
			"from": [7.01, 23.26, 7.01],
			"to": [8.99, 24.24, 8.99],
			"rotation": {"angle": 0, "axis": "y", "origin": [8, 10.66331, 7.975]},
			"faces": {
				"north": {"uv": [10.5, 13, 11.5, 13.5], "texture": "#2"},
				"east": {"uv": [13, 10.5, 14, 11], "texture": "#2"},
				"south": {"uv": [13, 11, 14, 11.5], "texture": "#2"},
				"west": {"uv": [13, 11.5, 14, 12], "texture": "#2"},
				"up": {"uv": [11, 7, 10, 6], "texture": "#2"},
				"down": {"uv": [8, 10, 7, 11], "texture": "#2"}
			}
		},
		{
			"from": [7.01, 24.36, 7.01],
			"to": [8.99, 25.34, 8.99],
			"rotation": {"angle": 0, "axis": "y", "origin": [8, 10.66331, 7.975]},
			"faces": {
				"north": {"uv": [13, 12, 14, 12.5], "texture": "#2"},
				"east": {"uv": [12.5, 13, 13.5, 13.5], "texture": "#2"},
				"south": {"uv": [13, 12.5, 14, 13], "texture": "#2"},
				"west": {"uv": [0, 13.5, 1, 14], "texture": "#2"},
				"up": {"uv": [11, 8, 10, 7], "texture": "#2"},
				"down": {"uv": [9, 10, 8, 11], "texture": "#2"}
			}
		},
		{
			"from": [7.01, 23.26, 7.01],
			"to": [8.99, 24.24, 8.99],
			"rotation": {"angle": 0, "axis": "y", "origin": [8, 10.66331, 7.975]},
			"faces": {
				"north": {"uv": [13.5, 0, 14.5, 0.5], "texture": "#2"},
				"east": {"uv": [1, 13.5, 2, 14], "texture": "#2"},
				"south": {"uv": [2, 13.5, 3, 14], "texture": "#2"},
				"west": {"uv": [13.5, 2.5, 14.5, 3], "texture": "#2"},
				"up": {"uv": [11, 9, 10, 8], "texture": "#2"},
				"down": {"uv": [10, 10, 9, 11], "texture": "#2"}
			}
		},
		{
			"from": [7.01, 22.16, 7.01],
			"to": [8.99, 23.14, 8.99],
			"rotation": {"angle": 0, "axis": "y", "origin": [8, 10.66331, 7.975]},
			"faces": {
				"north": {"uv": [3, 13.5, 4, 14], "texture": "#2"},
				"east": {"uv": [13.5, 3, 14.5, 3.5], "texture": "#2"},
				"south": {"uv": [13.5, 3.5, 14.5, 4], "texture": "#2"},
				"west": {"uv": [4, 13.5, 5, 14], "texture": "#2"},
				"up": {"uv": [11, 10, 10, 9], "texture": "#2"},
				"down": {"uv": [11, 10, 10, 11], "texture": "#2"}
			}
		},
		{
			"from": [7.01, 22.16, 7.01],
			"to": [8.99, 23.14, 8.99],
			"rotation": {"angle": 0, "axis": "y", "origin": [8, 10.66331, 7.975]},
			"faces": {
				"north": {"uv": [13.5, 4, 14.5, 4.5], "texture": "#2"},
				"east": {"uv": [13.5, 4.5, 14.5, 5], "texture": "#2"},
				"south": {"uv": [5, 13.5, 6, 14], "texture": "#2"},
				"west": {"uv": [13.5, 5, 14.5, 5.5], "texture": "#2"},
				"up": {"uv": [1, 12, 0, 11], "texture": "#2"},
				"down": {"uv": [12, 0, 11, 1], "texture": "#2"}
			}
		},
		{
			"from": [7.01, 21.06, 7.01],
			"to": [8.99, 22.04, 8.99],
			"rotation": {"angle": 0, "axis": "y", "origin": [8, 10.66331, 7.975]},
			"faces": {
				"north": {"uv": [13.5, 5.5, 14.5, 6], "texture": "#2"},
				"east": {"uv": [13.5, 6, 14.5, 6.5], "texture": "#2"},
				"south": {"uv": [13.5, 6.5, 14.5, 7], "texture": "#2"},
				"west": {"uv": [13.5, 7, 14.5, 7.5], "texture": "#2"},
				"up": {"uv": [2, 12, 1, 11], "texture": "#2"},
				"down": {"uv": [12, 1, 11, 2], "texture": "#2"}
			}
		},
		{
			"from": [7.1, 19, 7.1],
			"to": [8.9, 25.8, 8.9],
			"rotation": {"angle": 0, "axis": "y", "origin": [8, 10.66331, 7.975]},
			"faces": {
				"north": {"uv": [5, 0, 6, 3.5], "texture": "#2"},
				"east": {"uv": [5, 3.5, 6, 7], "texture": "#2"},
				"south": {"uv": [6, 0, 7, 3.5], "texture": "#2"},
				"west": {"uv": [6, 3.5, 7, 7], "texture": "#2"},
				"up": {"uv": [3, 12, 2, 11], "texture": "#2"},
				"down": {"uv": [12, 2, 11, 3], "texture": "#2"}
			}
		},
		{
			"from": [11.8591, 23.82256, 6.99],
			"to": [14.2991, 25.84256, 9.01],
			"rotation": {"angle": 22.5, "axis": "z", "origin": [8, 10.66331, 7.975]},
			"faces": {
				"north": {"uv": [3, 11, 4, 12], "texture": "#2"},
				"east": {"uv": [11, 3, 12, 4], "texture": "#2"},
				"south": {"uv": [4, 11, 5, 12], "texture": "#2"},
				"west": {"uv": [11, 4, 12, 5], "texture": "#2"},
				"up": {"uv": [6, 12, 5, 11], "texture": "#2"},
				"down": {"uv": [12, 5, 11, 6], "texture": "#2"}
			}
		},
		{
			"from": [1.7309, 23.83256, 7],
			"to": [4.1309, 25.83256, 9],
			"rotation": {"angle": -22.5, "axis": "z", "origin": [8, 10.66331, 7.975]},
			"faces": {
				"north": {"uv": [6, 11, 7, 12], "texture": "#2"},
				"east": {"uv": [11, 6, 12, 7], "texture": "#2"},
				"south": {"uv": [7, 11, 8, 12], "texture": "#2"},
				"west": {"uv": [11, 7, 12, 8], "texture": "#2"},
				"up": {"uv": [9, 12, 8, 11], "texture": "#2"},
				"down": {"uv": [12, 8, 11, 9], "texture": "#2"}
			}
		}
	],
	"display": {
		"thirdperson_righthand": {
			"rotation": [-180, 90, 0],
			"translation": [0, 10, 2.25],
			"scale": [0.85, 0.85, 0.85]
		},
		"thirdperson_lefthand": {
			"rotation": [-180, 90, 0],
			"translation": [0, 10, 2.25],
			"scale": [0.85, 0.85, 0.85]
		},
		"firstperson_righthand": {
			"rotation": [-39.09, -81.69, 137.97],
			"translation": [8, 6, -6],
			"scale": [0.8, 0.8, 0.8]
		},
		"firstperson_lefthand": {
			"rotation": [-39.09, -81.69, 137.97],
			"translation": [8, 6, -6],
			"scale": [0.8, 0.8, 0.8]
		},
		"ground": {
			"rotation": [-16.59, 32.11, -126.21],
			"translation": [0, 11, 0],
			"scale": [0.75, 0.75, 0.75]
		},
		"gui": {
			"rotation": [-21.06, -16.17, 132.78],
			"translation": [1.25, 1.25, 0],
			"scale": [0.63, 0.63, 0.63]
		},
		"fixed": {
			"rotation": [0, 0, -136.25],
			"translation": [-1.75, 1.75, -1],
			"scale": [0.75, 0.75, 0.75]
		}
	},
	"groups": [
		{
			"name": "group",
			"origin": [8, 22.5, 8],
			"color": 0,
			"children": [
				{
					"name": "blade",
					"origin": [7, -6.21, 8],
					"color": 0,
					"children": [0, 1, 2]
				},
				{
					"name": "handle",
					"origin": [8, 8, 8],
					"color": 0,
					"children": [
						{
							"name": "decor",
							"origin": [-1, -3.2, 0],
							"color": 0,
							"children": [
								3,
								4,
								5,
								6,
								7,
								8,
								9,
								10,
								{
									"name": "decor",
									"origin": [-1, -3.2, 0],
									"color": 0,
									"children": [11, 12, 13, 14, 15, 16, 17, 18]
								}
							]
						},
						{
							"name": "guard",
							"origin": [8, 22.5, 8],
							"color": 0,
							"children": [19, 20, 21, 22]
						},
						{
							"name": "stick",
							"origin": [8, 22.5, 8],
							"color": 0,
							"children": [23, 24, 25, 26, 27, 28, 29]
						},
						{
							"name": "end",
							"origin": [8, 26, 8],
							"color": 0,
							"children": [30, 31]
						}
					]
				}
			]
		}
	]
}